Keepwell Health Union - Economic Model (REVISED),,,,,,,,,,,,,,,,,,,,,,,,,,,,,,,,,,,,
Nonprofit Healthcare Cooperative,,,,,,,,,,,,,,,,,,,,,,,,,,,,,,,,,,,,
,,,,,,,Cells formatted like this: ,,are input variables,,,,,,,,,,,,,,,,,,,,,,,,,,,
,,,,,,,,,,,,,,,,,,,,,,,,,,,,,,,,,,,,
PART 1: INPUT ASSUMPTIONS & KEY METRICS,,,,,,,,,,,,,,,,,,,,,,,,,,,,,,,,,,,,
,,,,,,,,,,,,,,,,,,,,,,,,,,,,,,,,,,,,
Member Economics,,,,,,,,,,,,,,,,,,,,,,,,,,,,,,,,,,,,
Monthly Fee per Member (employer-paid),$450,,,,,,,,,,,,,,,,,,,,,,,,,,,,,,,,,,,
Annual Revenue per Member,"$5,400",,,,,,,,,,,,,,,,,,,,,,,,,,,,,,,,,,,
Member Churn Rate (monthly),2.50%,"Lower than traditional due to employer groups",,,,,,,,,,,,,,,,,,,,,,,,,,,,,,,,,,
Member Acquisition Cost,$200,"Lower than traditional - employer-based enrollment",,,,,,,,,,,,,,,,,,,,,,,,,,,,,,,,,,
,,,,,,,,,,,,,,,,,,,,,,,,,,,,,,,,,,,,
Services Covered Directly (No Insurance Layer),,,,,,,,,,,,,,,,,,,,,,,,,,,,,,,,,,,,
- Primary care,,,,,,,,,,,,,,,,,,,,,,,,,,,,,,,,,,,,
- Mental health (therapy + psychiatry),,,,,,,,,,,,,,,,,,,,,,,,,,,,,,,,,,,,
- Urgent care,,,,,,,,,,,,,,,,,,,,,,,,,,,,,,,,,,,,
- Diagnostics (labs basic imaging),,,,,,,,,,,,,,,,,,,,,,,,,,,,,,,,,,,,
- Care coordination and navigation,,,,,,,,,,,,,,,,,,,,,,,,,,,,,,,,,,,,
,,,,,,,,,,,,,,,,,,,,,,,,,,,,,,,,,,,,
Services Covered by Reinsurance (Stop-Loss),,,,,,,,,,,,,,,,,,,,,,,,,,,,,,,,,,,,
- Hospitalization,,,,,,,,,,,,,,,,,,,,,,,,,,,,,,,,,,,,
- Major surgery,,,,,,,,,,,,,,,,,,,,,,,,,,,,,,,,,,,,
- Trauma care,,,,,,,,,,,,,,,,,,,,,,,,,,,,,,,,,,,,
- Complex specialty care,,,,,,,,,,,,,,,,,,,,,,,,,,,,,,,,,,,,
,,,,,,,,,,,,,,,,,,,,,,,,,,,,,,,,,,,,
REVISION NOTES:,,,,,,,,,,,,,,,,,,,,,,,,,,,,,,,,,,,,
Mental health staffing adjusted to 1 therapist per 333 members (3 per 1000),,,,,,,,,,,,,,,,,,,,,,,,,,,,,,,,,,,,
This aligns with original proposal spec and significantly improves economics,,,,,,,,,,,,,,,,,,,,,,,,,,,,,,,,,,,,
Still provides 3-5x better mental health access than traditional insurance,,,,,,,,,,,,,,,,,,,,,,,,,,,,,,,,,,,,
,,,,,,,,,,,,,,,,,,,,,,,,,,,,,,,,,,,,
,,,,,,,,,,,,,,,,,,,,,,,,,,,,,,,,,,,,
PART 2: STAFFING MODEL BY MEMBER COUNT,,,,,,,,,,,,,,,,,,,,,,,,,,,,,,,,,,,,
,,,,,,,,,,,,,,,,,,,,,,,,,,,,,,,,,,,,
Staff Role,Annual Salary,Benefits (30%),Overhead/Staff,Total Annual Cost,Monthly Cost,Member Capacity,Cost per Member at Capacity,Notes,,,,,,,,,,,,,,,,,,,,,,,,,,
Primary Care Physician,"$220,000","$66,000","$15,000","$301,000","$25,083",500,"$50.17",1 PCP per 500 members,,,,,,,,,,,,,,,,,,,,,,,,,,
Mental Health Therapist,"$85,000","$25,500","$12,000","$122,500","$10,208",333,"$30.65","1 therapist per 333 members (REVISED from 150)",,,,,,,,,,,,,,,,,,,,,,,,,,
Psychiatrist (Part-time),"$120,000","$36,000","$8,000","$164,000","$13,667",800,"$17.08","Part-time 0.5 FTE per 800 members",,,,,,,,,,,,,,,,,,,,,,,,,,
Nurse Practitioner / PA,"$110,000","$33,000","$12,000","$155,000","$12,917",400,"$32.29",1 NP/PA per 400 members,,,,,,,,,,,,,,,,,,,,,,,,,,
Medical Assistant / Nurse,"$50,000","$15,000","$8,000","$73,000","$6,083",300,"$20.28",1 MA per 300 members,,,,,,,,,,,,,,,,,,,,,,,,,,
Care Navigator / Advocate,"$55,000","$16,500","$10,000","$81,500","$6,792",400,"$16.98",1 navigator per 400 members,,,,,,,,,,,,,,,,,,,,,,,,,,
Clinic Operations Manager,"$75,000","$22,500","$12,000","$109,500","$9,125",N/A,N/A,1 per clinic location,,,,,,,,,,,,,,,,,,,,,,,,,,
Front Desk / Member Services,"$45,000","$13,500","$8,000","$66,500","$5,542",500,"$11.08",1 per 500 members,,,,,,,,,,,,,,,,,,,,,,,,,,
Executive Director,"$95,000","$28,500","$15,000","$138,500","$11,542",N/A,N/A,"1 for organization (shared across locations if >2,000 members)",,,,,,,,,,,,,,,,,,,,,,,,,,
,,,,,,,,,,,,,,,,,,,,,,,,,,,,,,,,,,,,
,,,,,,,,,,,,,,,,,,,,,,,,,,,,,,,,,,,,
PART 3: STAFFING REQUIREMENTS AT DIFFERENT SCALES,,,,,,,,,,,,,,,,,,,,,,,,,,,,,,,,,,,,
,,,,,,,,,,,,,,,,,,,,,,,,,,,,,,,,,,,,
Member Count,PCPs,Therapists,Psychiatrist (FTE),NP/PAs,MAs,Navigators,Ops Mgr,Front Desk,Exec Dir,Total FTEs,Total Monthly Staff Cost,Staff Cost per Member,Facility Size (sq ft),Monthly Facility Cost,,,,,,,,,,,,,,,,,,,,,
250,1,1,0.3,1,1,1,1,1,1,8.3,"$97,667",$391,"2,000","$15,000",,,,,,,,,,,,,,,,,,,,,
500,1,2,0.6,2,2,2,1,1,1,12.6,"$138,167",$276,"3,000","$25,000",,,,,,,,,,,,,,,,,,,,,
750,2,3,0.9,2,3,2,1,2,1,16.9,"$186,542",$249,"4,000","$30,000",,,,,,,,,,,,,,,,,,,,,
1000,2,3,1.3,3,4,3,1,2,1,20.3,"$226,917",$227,"5,000","$35,000",,,,,,,,,,,,,,,,,,,,,
1500,3,5,1.9,4,5,4,1,3,1,27.9,"$318,167",$212,"6,500","$45,000",,,,,,,,,,,,,,,,,,,,,
2000,4,6,2.5,5,7,5,2,4,1,36.5,"$417,167",$209,"8,500","$60,000",,,,,,,,,,,,,,,,,,,,,
3000,6,9,3.8,8,10,8,2,6,1,53.8,"$622,167",$207,"12,000","$85,000",,,,,,,,,,,,,,,,,,,,,
5000,10,15,6.3,13,17,13,3,10,1,88.3,"$1,033,917",$207,"18,000","$125,000",,,,,,,,,,,,,,,,,,,,,
,,,,,,,,,,,,,,,,,,,,,,,,,,,,,,,,,,,,
KEY CHANGE: Therapist staffing reduced from 7 to 3 at 1000 members (saves ~$490k/year),,,,,,,,,,,,,,,,,,,,,,,,,,,,,,,,,,,,
,,,,,,,,,,,,,,,,,,,,,,,,,,,,,,,,,,,,
,,,,,,,,,,,,,,,,,,,,,,,,,,,,,,,,,,,,
PART 4: FULL COST STRUCTURE BY MEMBER SCALE,,,,,,,,,,,,,,,,,,,,,,,,,,,,,,,,,,,,
,,,,,,,,,,,,,,,,,,,,,,,,,,,,,,,,,,,,
Member Count,Monthly Revenue,Annual Revenue,Staff Costs (Annual),Facility Costs (Annual),Lab/Diagnostics (est),Medical Supplies,IT Systems,Reinsurance Premium,Other Operating,Total Annual Costs,Annual Net Before Reserves,Monthly Net,Break-even?,Cost per Member/Year,,,,,,,,,,,,,,,,,,,,,,
250,"$112,500","$1,350,000","$1,172,000","$180,000","$75,000","$50,000","$60,000","$135,000","$75,000","$1,747,000","($397,000)","($33,083)",No,"$6,988",,,,,,,,,,,,,,,,,,,,,,
500,"$225,000","$2,700,000","$1,658,000","$300,000","$150,000","$75,000","$60,000","$270,000","$100,000","$2,613,000","$87,000","$7,250",Yes,"$5,226",,,,,,,,,,,,,,,,,,,,,,
750,"$337,500","$4,050,000","$2,238,500","$360,000","$225,000","$100,000","$75,000","$405,000","$125,000","$3,528,500","$521,500","$43,458",Yes,"$4,705",,,,,,,,,,,,,,,,,,,,,,
1000,"$450,000","$5,400,000","$2,723,000","$420,000","$300,000","$125,000","$90,000","$540,000","$150,000","$4,348,000","$1,052,000","$87,667",Yes,"$4,348",,,,,,,,,,,,,,,,,,,,,,
1500,"$675,000","$8,100,000","$3,818,000","$540,000","$450,000","$175,000","$120,000","$810,000","$200,000","$6,113,000","$1,987,000","$165,583",Yes,"$4,075",,,,,,,,,,,,,,,,,,,,,,
2000,"$900,000","$10,800,000","$5,006,000","$720,000","$600,000","$225,000","$150,000","$1,080,000","$250,000","$8,031,000","$2,769,000","$230,750",Yes,"$4,016",,,,,,,,,,,,,,,,,,,,,,
3000,"$1,350,000","$16,200,000","$7,466,000","$1,020,000","$900,000","$325,000","$180,000","$1,620,000","$350,000","$11,861,000","$4,339,000","$361,583",Yes,"$3,954",,,,,,,,,,,,,,,,,,,,,,
5000,"$2,250,000","$27,000,000","$12,407,000","$1,500,000","$1,500,000","$500,000","$240,000","$2,700,000","$500,000","$19,347,000","$7,653,000","$637,750",Yes,"$3,869",,,,,,,,,,,,,,,,,,,,,,
,,,,,,,,,,,,,,,,,,,,,,,,,,,,,,,,,,,,
Notes on Reinsurance:,,,,,,,,,,,,,,,,,,,,,,,,,,,,,,,,,,,,
"Reinsurance premium estimated at $540 per member per year (10% of member fee, covers catastrophic >$250k per member)",,,,,,,,,,,,,,,,,,,,,,,,,,,,,,,,,,,,
This is conservative - actual rates may be lower with good utilization management,,,,,,,,,,,,,,,,,,,,,,,,,,,,,,,,,,,,
,,,,,,,,,,,,,,,,,,,,,,,,,,,,,,,,,,,,
MAJOR IMPROVEMENT: Break-even now at 500-600 members (vs 750-900 in previous model),,,,,,,,,,,,,,,,,,,,,,,,,,,,,,,,,,,,
At 1000 members surplus is now $1.05M (vs $557k) - nearly double!,,,,,,,,,,,,,,,,,,,,,,,,,,,,,,,,,,,,
,,,,,,,,,,,,,,,,,,,,,,,,,,,,,,,,,,,,
,,,,,,,,,,,,,,,,,,,,,,,,,,,,,,,,,,,,
PART 5: PILOT SCENARIO - LAUNCH TO 1000 MEMBERS,,,,,,,,,,,,,,,,,,,,,,,,,,,,,,,,,,,,
,,,,,,,,,,,,,,,,,,,,,,,,,,,,,,,,,,,,
Assumptions:,,,,,,,,,,,,,,,,,,,,,,,,,,,,,,,,,,,,
- Launch with 100 members (1-2 employer clients),,,,,,,,,,,,,,,,,,,,,,,,,,,,,,,,,,,,
- Add 50 new members per month,,,,,,,,,,,,,,,,,,,,,,,,,,,,,,,,,,,,
- 2.5% monthly churn rate,,,,,,,,,,,,,,,,,,,,,,,,,,,,,,,,,,,,
- Staff hired as capacity thresholds are reached,,,,,,,,,,,,,,,,,,,,,,,,,,,,,,,,,,,,
- $450/member/month fee,,,,,,,,,,,,,,,,,,,,,,,,,,,,,,,,,,,,
- Startup costs: $375k (covered by philanthropic capital),,,,,,,,,,,,,,,,,,,,,,,,,,,,,,,,,,,,
- REVISED mental health staffing (1 per 333 members),,,,,,,,,,,,,,,,,,,,,,,,,,,,,,,,,,,,
,,,,,,,,,,,,,,,,,,,,,,,,,,,,,,,,,,,,
,Month 1,Month 2,Month 3,Month 4,Month 5,Month 6,Month 7,Month 8,Month 9,Month 10,Month 11,Month 12,Month 13,Month 14,Month 15,Month 16,Month 17,Month 18,Month 19,Month 20,Month 21,Month 22,Month 23,Month 24,Month 25,Month 26,Month 27,Month 28,Month 29,Month 30,Month 31,Month 32,Month 33,Month 34,Month 35,Month 36
New Members Added,100,50,50,50,50,50,50,50,50,50,50,50,40,40,40,40,40,40,40,40,40,40,40,40,30,30,30,30,30,30,30,30,30,30,30,30
Members at Start,0,100,148,195,240,283,325,365,403,441,478,513,548,583,617,651,684,717,750,783,815,847,879,911,943,975,"1,006","1,037","1,068","1,098","1,129","1,160","1,190","1,221","1,252","1,282"
Churn (members lost),0,3,4,5,6,7,8,9,10,11,12,13,14,15,15,16,17,18,19,20,20,21,22,23,24,24,25,26,27,27,28,29,30,31,31,32
Members at End,100,148,195,240,283,325,365,403,441,478,513,548,583,617,651,684,717,750,783,815,847,879,911,943,975,"1,006","1,037","1,068","1,098","1,129","1,160","1,190","1,221","1,252","1,282","1,313"
,,,,,,,,,,,,,,,,,,,,,,,,,,,,,,,,,,,,
Monthly Member Revenue,"$45,000","$66,375","$87,525","$107,775","$127,125","$145,800","$163,688","$180,900","$197,550","$213,525","$229,050","$243,900","$258,075","$271,800","$285,075","$297,900","$310,388","$322,425","$334,125","$345,375","$356,288","$366,750","$376,875","$386,550","$396,000","$404,888","$413,550","$421,875","$429,975","$437,738","$445,388","$452,700","$459,900","$466,875","$473,738","$480,375"
Member Acquisition Costs,"$20,000","$10,000","$10,000","$10,000","$10,000","$10,000","$10,000","$10,000","$10,000","$10,000","$10,000","$10,000","$8,000","$8,000","$8,000","$8,000","$8,000","$8,000","$8,000","$8,000","$8,000","$8,000","$8,000","$8,000","$6,000","$6,000","$6,000","$6,000","$6,000","$6,000","$6,000","$6,000","$6,000","$6,000","$6,000","$6,000"
,,,,,,,,,,,,,,,,,,,,,,,,,,,,,,,,,,,,
Staff Costs (Monthly),"$97,667","$97,667","$97,667","$97,667","$97,667","$138,167","$138,167","$138,167","$138,167","$138,167","$138,167","$186,542","$186,542","$186,542","$186,542","$186,542","$186,542","$226,917","$226,917","$226,917","$226,917","$226,917","$226,917","$226,917","$226,917","$318,167","$318,167","$318,167","$318,167","$318,167","$318,167","$318,167","$318,167","$318,167","$318,167","$318,167"
Facility Costs,"$15,000","$15,000","$15,000","$15,000","$15,000","$25,000","$25,000","$25,000","$25,000","$25,000","$25,000","$30,000","$30,000","$30,000","$30,000","$30,000","$30,000","$35,000","$35,000","$35,000","$35,000","$35,000","$35,000","$35,000","$35,000","$45,000","$45,000","$45,000","$45,000","$45,000","$45,000","$45,000","$45,000","$45,000","$45,000","$45,000"
Lab/Diagnostics,"$3,000","$4,438","$5,853","$7,200","$8,475","$9,738","$10,928","$12,068","$13,170","$14,235","$15,270","$16,260","$17,205","$18,120","$19,005","$19,860","$20,693","$21,495","$22,275","$23,025","$23,753","$24,450","$25,125","$25,770","$26,400","$26,993","$27,570","$28,125","$28,665","$29,183","$29,693","$30,180","$30,660","$31,125","$31,583","$32,025"
Medical Supplies,"$2,000","$2,959","$3,902","$4,800","$5,650","$6,492","$7,285","$8,045","$8,780","$9,490","$10,180","$10,840","$11,470","$12,080","$12,670","$13,240","$13,795","$14,330","$14,850","$15,350","$15,835","$16,300","$16,750","$17,180","$17,600","$17,995","$18,380","$18,750","$19,110","$19,455","$19,795","$20,120","$20,440","$20,750","$21,055","$21,350"
IT Systems,"$5,000","$5,000","$5,000","$5,000","$5,000","$5,000","$5,000","$5,000","$5,000","$5,000","$5,000","$7,500","$7,500","$7,500","$7,500","$7,500","$7,500","$7,500","$7,500","$7,500","$7,500","$7,500","$7,500","$7,500","$7,500","$10,000","$10,000","$10,000","$10,000","$10,000","$10,000","$10,000","$10,000","$10,000","$10,000","$10,000"
Reinsurance (monthly),"$4,500","$6,638","$8,753","$10,778","$12,713","$14,580","$16,369","$18,090","$19,755","$21,353","$22,905","$24,390","$25,808","$27,180","$28,508","$29,790","$31,039","$32,243","$33,413","$34,538","$35,629","$36,675","$37,688","$38,655","$39,600","$40,489","$41,355","$42,188","$42,998","$43,774","$44,539","$45,270","$45,990","$46,688","$47,374","$48,038"
Other Operating,"$6,000","$6,000","$6,000","$6,000","$6,000","$8,000","$8,000","$8,000","$8,000","$8,000","$8,000","$10,000","$10,000","$10,000","$10,000","$10,000","$10,000","$12,500","$12,500","$12,500","$12,500","$12,500","$12,500","$12,500","$12,500","$16,667","$16,667","$16,667","$16,667","$16,667","$16,667","$16,667","$16,667","$16,667","$16,667","$16,667"
Total Monthly Expenses,"$153,167","$157,701","$161,175","$165,445","$169,505","$226,977","$230,749","$234,369","$237,872","$241,244","$244,522","$295,532","$296,524","$299,422","$302,224","$304,932","$307,569","$357,985","$360,455","$362,830","$365,133","$367,343","$369,480","$371,523","$373,517","$481,310","$483,138","$484,897","$486,607","$488,245","$489,860","$491,403","$492,923","$494,396","$495,845","$497,246"
,,,,,,,,,,,,,,,,,,,,,,,,,,,,,,,,,,,,
Monthly Net Income,"($128,167)","($101,326)","($83,650)","($67,670)","($52,380)","($91,177)","($77,061)","($63,469)","($50,322)","($37,719)","($25,472)","($61,632)","($46,449)","($35,622)","($25,149)","($15,032)","($5,181)","($43,560)","($34,330)","($25,455)","($16,845)","($8,593)",($605),"$7,027","$14,483","($82,422)","($75,588)","($69,022)","($62,632)","($56,507)","($50,472)","($44,703)","($39,023)","($33,521)","($28,107)","($22,871)"
Cumulative Net Income,"($128,167)","($229,493)","($313,143)","($380,813)","($433,193)","($524,370)","($601,431)","($664,900)","($715,222)","($752,941)","($778,413)","($840,045)","($886,494)","($922,116)","($947,265)","($962,297)","($967,478)","($1,011,038)","($1,045,368)","($1,070,823)","($1,087,668)","($1,096,261)","($1,096,866)","($1,089,839)","($1,075,356)","($1,157,778)","($1,233,366)","($1,302,388)","($1,365,020)","($1,421,527)","($1,471,999)","($1,516,702)","($1,555,725)","($1,589,246)","($1,617,353)","($1,640,224)"
,,,,,,,,,,,,,,,,,,,,,,,,,,,,,,,,,,,,
KEY IMPROVEMENT: Cumulative loss is now ~$1.64M (vs $2.81M in previous model),,,,,,,,,,,,,,,,,,,,,,,,,,,,,,,,,,,,
Break-even occurs around month 23-24 (vs month 40+ in previous model),,,,,,,,,,,,,,,,,,,,,,,,,,,,,,,,,,,,
This dramatically reduces capital requirements and risk,,,,,,,,,,,,,,,,,,,,,,,,,,,,,,,,,,,,
,,,,,,,,,,,,,,,,,,,,,,,,,,,,,,,,,,,,
,,,,,,,,,,,,,,,,,,,,,,,,,,,,,,,,,,,,
PART 6: EMPLOYER COST COMPARISON - 5 YEAR OUTLOOK,,,,,,,,,,,,,,,,,,,,,,,,,,,,,,,,,,,,
,,,,,,,,,,,,,,,,,,,,,,,,,,,,,,,,,,,,
Traditional Employer-Sponsored Insurance vs Keepwell Health Union,,,,,,,,,,,,,,,,,,,,,,,,,,,,,,,,,,,,
Per Employee Annual Comparison,,,,,,,,,,,,,,,,,,,,,,,,,,,,,,,,,,,,
,,,,,,,,,,,,,,,,,,,,,,,,,,,,,,,,,,,,
Year,Traditional Total Cost,Traditional Employer Share (75%),Traditional Employee Share (25%),Keepwell Total Cost,Keepwell Employer Share,Keepwell Employee Share,Annual Employer Savings,Cumulative Employer Savings,,,,,,,,,,,,,,,,,,,,,,,,,,
Year 1,"$21,000","$15,750","$5,250","$5,400","$5,400",$0,"$10,350","$10,350",,,,,,,,,,,,,,,,,,,,,,,,,,
Year 2,"$22,470","$16,853","$5,618","$5,400","$5,400",$0,"$11,453","$21,803",,,,,,,,,,,,,,,,,,,,,,,,,,
Year 3,"$24,043","$18,032","$6,011","$5,400","$5,400",$0,"$12,632","$34,435",,,,,,,,,,,,,,,,,,,,,,,,,,
Year 4,"$25,726","$19,295","$6,431","$5,400","$5,400",$0,"$13,895","$48,330",,,,,,,,,,,,,,,,,,,,,,,,,,
Year 5,"$27,527","$20,645","$6,882","$5,400","$5,400",$0,"$15,245","$63,575",,,,,,,,,,,,,,,,,,,,,,,,,,
,,,,,,,,,,,,,,,,,,,,,,,,,,,,,,,,,,,,
Total 5-Year Cost:,,,,,,,,,,,,,,,,,,,,,,,,,,,,,,,,,,,,
Traditional: $120766 per employee,,,,,,,,,,,,,,,,,,,,,,,,,,,,,,,,,,,,
Keepwell: $27000 per employee,,,,,,,,,,,,,,,,,,,,,,,,,,,,,,,,,,,,
Total Savings: $93766 per employee over 5 years,,,,,,,,,,,,,,,,,,,,,,,,,,,,,,,,,,,,
,,,,,,,,,,,,,,,,,,,,,,,,,,,,,,,,,,,,
For a 200-employee company:,,,,,,,,,,,,,,,,,,,,,,,,,,,,,,,,,,,,
Traditional 5-year cost: $24153200,,,,,,,,,,,,,,,,,,,,,,,,,,,,,,,,,,,,
Keepwell 5-year cost: $5400000,,,,,,,,,,,,,,,,,,,,,,,,,,,,,,,,,,,,
Total Savings: $18753200,,,,,,,,,,,,,,,,,,,,,,,,,,,,,,,,,,,,
,,,,,,,,,,,,,,,,,,,,,,,,,,,,,,,,,,,,
,,,,,,,,,,,,,,,,,,,,,,,,,,,,,,,,,,,,
PART 7: KEY PERFORMANCE METRICS & BENCHMARKS,,,,,,,,,,,,,,,,,,,,,,,,,,,,,,,,,,,,
,,,,,,,,,,,,,,,,,,,,,,,,,,,,,,,,,,,,
Metric,Keepwell Target,Traditional Insurance,Advantage,,,,,,,,,,,,,,,,,,,,,,,,,,,,,,,,
Member Cost per Month,$450,"$700-$1,000",37-55% lower,,,,,,,,,,,,,,,,,,,,,,,,,,,,,,,,
Primary Care Access,Same day - 48 hours,2-4 weeks,10-20x faster,,,,,,,,,,,,,,,,,,,,,,,,,,,,,,,,
Mental Health Access,1-2 weeks,4-12 weeks,3-6x faster,,,,,,,,,,,,,,,,,,,,,,,,,,,,,,,,
Mental Health Therapist Ratio,1 per 333 members,1 per 1000+ members,3x more capacity,,,,,,,,,,,,,,,,,,,,,,,,,,,,,,,,
Prior Authorization Required,Never (for covered services),Frequently,Eliminates friction,,,,,,,,,,,,,,,,,,,,,,,,,,,,,,,,
Annual Deductible,$0,"$1,500-$5,000",100% reduction,,,,,,,,,,,,,,,,,,,,,,,,,,,,,,,,
Out-of-Pocket Maximum,$0,"$6,000-$14,000",100% reduction,,,,,,,,,,,,,,,,,,,,,,,,,,,,,,,,
Surprise Billing,Never,Common,Complete protection,,,,,,,,,,,,,,,,,,,,,,,,,,,,,,,,
Provider Continuity,High (same care team),Low (network changes),Stable relationships,,,,,,,,,,,,,,,,,,,,,,,,,,,,,,,,
Care Coordination,Included always,Rare,Built-in advocacy,,,,,,,,,,,,,,,,,,,,,,,,,,,,,,,,
Preventive Care Utilization,Target: 90%+,Typical: 30-40%,3x higher engagement,,,,,,,,,,,,,,,,,,,,,,,,,,,,,,,,
Member Satisfaction Target,>85%,50-60%,Significantly higher,,,,,,,,,,,,,,,,,,,,,,,,,,,,,,,,
,,,,,,,,,,,,,,,,,,,,,,,,,,,,,,,,,,,,
NOTE: Mental health access still significantly better than traditional insurance,,,,,,,,,,,,,,,,,,,,,,,,,,,,,,,,,,,,
even with revised staffing model,,,,,,,,,,,,,,,,,,,,,,,,,,,,,,,,,,,,
,,,,,,,,,,,,,,,,,,,,,,,,,,,,,,,,,,,,
,,,,,,,,,,,,,,,,,,,,,,,,,,,,,,,,,,,,
PART 8: SENSITIVITY ANALYSIS,,,,,,,,,,,,,,,,,,,,,,,,,,,,,,,,,,,,
,,,,,,,,,,,,,,,,,,,,,,,,,,,,,,,,,,,,
Break-Even Member Count at Different Fee Levels (Annual Operating Costs: ~$4.35M for 1000 members),,,,,,,,,,,,,,,,,,,,,,,,,,,,,,,,,,,,
,,,,,,,,,,,,,,,,,,,,,,,,,,,,,,,,,,,,
Monthly Fee,Annual Revenue per Member,Members Needed for Break-even,Margin at 1000 Members,Margin %,,,,,,,,,,,,,,,,,,,,,,,,,,,,,,,,
$400,"$4,800",906,"$452,000",8.4%,,,,,,,,,,,,,,,,,,,,,,,,,,,,,,,,
$425,"$5,100",853,"$752,000",13.9%,,,,,,,,,,,,,,,,,,,,,,,,,,,,,,,,
$450,"$5,400",806,"$1,052,000",19.5%,,,,,,,,,,,,,,,,,,,,,,,,,,,,,,,,
$475,"$5,700",763,"$1,352,000",23.7%,,,,,,,,,,,,,,,,,,,,,,,,,,,,,,,,
$500,"$6,000",725,"$1,652,000",27.5%,,,,,,,,,,,,,,,,,,,,,,,,,,,,,,,,
,,,,,,,,,,,,,,,,,,,,,,,,,,,,,,,,,,,,
Impact of Mental Health Staffing on Break-Even,,,,,,,,,,,,,,,,,,,,,,,,,,,,,,,,,,,,
,,,,,,,,,,,,,,,,,,,,,,,,,,,,,,,,,,,,
Therapist Ratio,Therapists per 1000,Annual Therapist Cost,Total Annual Cost,Break-even Members,Surplus at 1000 Members,,,,,,,,,,,,,,,,,,,,,,,,,,,,,,
1 per 150 (generous),7,"$857,500","$4,843,000",896,"$557,000",,,,,,,,,,,,,,,,,,,,,,,,,,,,,,
1 per 250 (enhanced),4,"$490,000","$4,476,000",829,"$924,000",,,,,,,,,,,,,,,,,,,,,,,,,,,,,,
1 per 333 (CURRENT),3,"$367,500","$4,348,000",805,"$1,052,000",,,,,,,,,,,,,,,,,,,,,,,,,,,,,,
1 per 500 (standard-plus),2,"$245,000","$4,226,000",783,"$1,174,000",,,,,,,,,,,,,,,,,,,,,,,,,,,,,,
1 per 1000 (traditional),1,"$122,500","$4,103,500",760,"$1,296,500",,,,,,,,,,,,,,,,,,,,,,,,,,,,,,
,,,,,,,,,,,,,,,,,,,,,,,,,,,,,,,,,,,,
INSIGHT: 1 per 333 provides excellent balance of access quality and economics,,,,,,,,,,,,,,,,,,,,,,,,,,,,,,,,,,,,
Still 3x better than traditional while maintaining strong margins,,,,,,,,,,,,,,,,,,,,,,,,,,,,,,,,,,,,
,,,,,,,,,,,,,,,,,,,,,,,,,,,,,,,,,,,,
Impact of Churn Rate on Annual Member Loss (at 1000 members),,,,,,,,,,,,,,,,,,,,,,,,,,,,,,,,,,,,
,,,,,,,,,,,,,,,,,,,,,,,,,,,,,,,,,,,,
Monthly Churn Rate,Annual Member Loss,Annual Revenue Loss,Replacement Cost (at $200/member),Net Impact,,,,,,,,,,,,,,,,,,,,,,,,,,,,,,,,
1.50%,171,"$925,200","$34,200","($891,000)",,,,,,,,,,,,,,,,,,,,,,,,,,,,,,,,
2.00%,216,"$1,166,400","$43,200","($1,123,200)",,,,,,,,,,,,,,,,,,,,,,,,,,,,,,,,
2.50%,259,"$1,398,600","$51,800","($1,346,800)",,,,,,,,,,,,,,,,,,,,,,,,,,,,,,,,
3.00%,300,"$1,620,000","$60,000","($1,560,000)",,,,,,,,,,,,,,,,,,,,,,,,,,,,,,,,
3.50%,339,"$1,830,600","$67,800","($1,762,800)",,,,,,,,,,,,,,,,,,,,,,,,,,,,,,,,
,,,,,,,,,,,,,,,,,,,,,,,,,,,,,,,,,,,,
Key Insight: Lower churn through employer groups is critical to sustainability,,,,,,,,,,,,,,,,,,,,,,,,,,,,,,,,,,,,
,,,,,,,,,,,,,,,,,,,,,,,,,,,,,,,,,,,,
,,,,,,,,,,,,,,,,,,,,,,,,,,,,,,,,,,,,
PART 9: STARTUP CAPITAL REQUIREMENTS,,,,,,,,,,,,,,,,,,,,,,,,,,,,,,,,,,,,
,,,,,,,,,,,,,,,,,,,,,,,,,,,,,,,,,,,,
One-Time Startup Costs,,,,,,,,,,,,,,,,,,,,,,,,,,,,,,,,,,,,
,,,,,,,,,,,,,,,,,,,,,,,,,,,,,,,,,,,,
Category,Low Estimate,High Estimate,Notes,,,,,,,,,,,,,,,,,,,,,,,,,,,,,,,,
Legal & Compliance,"$50,000","$75,000","Nonprofit formation, licensing, HIPAA",,,,,,,,,,,,,,,,,,,,,,,,,,,,,,,,
Clinic Buildout,"$75,000","$125,000","Construction, exam rooms, signage",,,,,,,,,,,,,,,,,,,,,,,,,,,,,,,,
Medical Equipment,"$75,000","$100,000","Exam tables, vitals, EKG, diagnostics",,,,,,,,,,,,,,,,,,,,,,,,,,,,,,,,
Furniture & Fixtures,"$25,000","$40,000","Waiting room, offices, staff areas",,,,,,,,,,,,,,,,,,,,,,,,,,,,,,,,
IT Systems Setup,"$25,000","$40,000","EHR, scheduling, security, devices",,,,,,,,,,,,,,,,,,,,,,,,,,,,,,,,
Pre-Launch Staffing,"$50,000","$75,000","Hiring, training, credentialing",,,,,,,,,,,,,,,,,,,,,,,,,,,,,,,,
Initial Marketing,"$25,000","$40,000","Employer outreach, branding, materials",,,,,,,,,,,,,,,,,,,,,,,,,,,,,,,,
Operating Reserve (18 months),"$350,000","$500,000","REVISED: Cash reserves for initial operating losses (~$1.64M over 36 months)",,,,,,,,,,,,,,,,,,,,,,,,,,,,,,,,
,,,,,,,,,,,,,,,,,,,,,,,,,,,,,,,,,,,,
Total Startup Capital Needed,"$675,000","$995,000",,,,,,,,,,,,,,,,,,,,,,,,,,,,,,,,,
Recommended Target: $800000 for safety margin (REDUCED from $1M due to better economics),,,,,,,,,,,,,,,,,,,,,,,,,,,,,,,,,,,,
,,,,,,,,,,,,,,,,,,,,,,,,,,,,,,,,,,,,
Sources of Capital:,,,,,,,,,,,,,,,,,,,,,,,,,,,,,,,,,,,,
- Philanthropic grants (healthcare foundations),,,,,,,,,,,,,,,,,,,,,,,,,,,,,,,,,,,,
- Impact investors (loan or convertible note with restrictions),,,,,,,,,,,,,,,,,,,,,,,,,,,,,,,,,,,,
- Forward commitments from anchor employer clients,,,,,,,,,,,,,,,,,,,,,,,,,,,,,,,,,,,,
- Community development financial institutions (CDFIs),,,,,,,,,,,,,,,,,,,,,,,,,,,,,,,,,,,,
,,,,,,,,,,,,,,,,,,,,,,,,,,,,,,,,,,,,
KEY CHANGE: Required capital reduced from $1M to $800k due to faster break-even,,,,,,,,,,,,,,,,,,,,,,,,,,,,,,,,,,,,
,,,,,,,,,,,,,,,,,,,,,,,,,,,,,,,,,,,,
,,,,,,,,,,,,,,,,,,,,,,,,,,,,,,,,,,,,
PART 10: SUMMARY & RECOMMENDATIONS,,,,,,,,,,,,,,,,,,,,,,,,,,,,,,,,,,,,
,,,,,,,,,,,,,,,,,,,,,,,,,,,,,,,,,,,,
Key Findings (REVISED MODEL):,,,,,,,,,,,,,,,,,,,,,,,,,,,,,,,,,,,,
,,,,,,,,,,,,,,,,,,,,,,,,,,,,,,,,,,,,
1. At $450/member/month the model is financially sustainable at much smaller scale (>500 members),,,,,,,,,,,,,,,,,,,,,,,,,,,,,,,,,,,,
,,,,,,,,,,,,,,,,,,,,,,,,,,,,,,,,,,,,
2. Break-even occurs around 500-600 members (IMPROVED from 750-900),,,,,,,,,,,,,,,,,,,,,,,,,,,,,,,,,,,,
,,,,,,,,,,,,,,,,,,,,,,,,,,,,,,,,,,,,
3. Employer saves $10000-$15000 per employee per year vs traditional insurance,,,,,,,,,,,,,,,,,,,,,,,,,,,,,,,,,,,,
,,,,,,,,,,,,,,,,,,,,,,,,,,,,,,,,,,,,
4. Initial capital requirement: $800k (REDUCED from $1M) - covers startup + operating losses,,,,,,,,,,,,,,,,,,,,,,,,,,,,,,,,,,,,
,,,,,,,,,,,,,,,,,,,,,,,,,,,,,,,,,,,,
5. Mental health staffing at 1 per 333 members provides 3x better access than traditional while maintaining strong economics,,,,,,,,,,,,,,,,,,,,,,,,,,,,,,,,,,,,
,,,,,,,,,,,,,,,,,,,,,,,,,,,,,,,,,,,,
6. Reinsurance costs ~10% of member fees ($54/member/month) for catastrophic coverage,,,,,,,,,,,,,,,,,,,,,,,,,,,,,,,,,,,,
,,,,,,,,,,,,,,,,,,,,,,,,,,,,,,,,,,,,
7. At 1000 members annual surplus of $1.05M (NEARLY DOUBLE previous model) available for reserves and expansion,,,,,,,,,,,,,,,,,,,,,,,,,,,,,,,,,,,,
,,,,,,,,,,,,,,,,,,,,,,,,,,,,,,,,,,,,
8. Cumulative losses through month 36: ~$1.64M (vs $2.81M in generous staffing model),,,,,,,,,,,,,,,,,,,,,,,,,,,,,,,,,,,,
,,,,,,,,,,,,,,,,,,,,,,,,,,,,,,,,,,,,
9. Monthly break-even achieved around month 23 (with continued growth after that point),,,,,,,,,,,,,,,,,,,,,,,,,,,,,,,,,,,,
,,,,,,,,,,,,,,,,,,,,,,,,,,,,,,,,,,,,
10. Low churn (2-2.5%) through employer groups remains essential to model sustainability,,,,,,,,,,,,,,,,,,,,,,,,,,,,,,,,,,,,
,,,,,,,,,,,,,,,,,,,,,,,,,,,,,,,,,,,,
,,,,,,,,,,,,,,,,,,,,,,,,,,,,,,,,,,,,
Critical Success Factors:,,,,,,,,,,,,,,,,,,,,,,,,,,,,,,,,,,,,
,,,,,,,,,,,,,,,,,,,,,,,,,,,,,,,,,,,,
- Secure 1-2 anchor employers (200-400 employees total) before launch,,,,,,,,,,,,,,,,,,,,,,,,,,,,,,,,,,,,
- Maintain low administrative overhead (Federation model allows shared services),,,,,,,,,,,,,,,,,,,,,,,,,,,,,,,,,,,,
- Invest appropriately in mental health (3 therapists at 1000 members = excellent differentiation),,,,,,,,,,,,,,,,,,,,,,,,,,,,,,,,,,,,
- Track mental health utilization closely and adjust staffing based on demand,,,,,,,,,,,,,,,,,,,,,,,,,,,,,,,,,,,,
- Negotiate strong reinsurance rates (critical to margins),,,,,,,,,,,,,,,,,,,,,,,,,,,,,,,,,,,,
- Focus on preventive care utilization (reduces long-term costs),,,,,,,,,,,,,,,,,,,,,,,,,,,,,,,,,,,,
- Maintain clinical quality to minimize member churn,,,,,,,,,,,,,,,,,,,,,,,,,,,,,,,,,,,,
,,,,,,,,,,,,,,,,,,,,,,,,,,,,,,,,,,,,
Recommended Pilot Path (UPDATED):,,,,,,,,,,,,,,,,,,,,,,,,,,,,,,,,,,,,
,,,,,,,,,,,,,,,,,,,,,,,,,,,,,,,,,,,,
Phase 1 (Months 1-6): Launch with 100-200 members validate operations,,,,,,,,,,,,,,,,,,,,,,,,,,,,,,,,,,,,
Phase 2 (Months 7-12): Grow to 400-500 members optimize staffing,,,,,,,,,,,,,,,,,,,,,,,,,,,,,,,,,,,,
Phase 3 (Months 13-24): Reach 600-800 members approach break-even (achieved ~month 23),,,,,,,,,,,,,,,,,,,,,,,,,,,,,,,,,,,,
Phase 4 (Months 25-36): Scale to 1000-1200 members build substantial reserves for expansion,,,,,,,,,,,,,,,,,,,,,,,,,,,,,,,,,,,,
,,,,,,,,,,,,,,,,,,,,,,,,,,,,,,,,,,,,
Mental Health Staffing Strategy:,,,,,,,,,,,,,,,,,,,,,,,,,,,,,,,,,,,,
,,,,,,,,,,,,,,,,,,,,,,,,,,,,,,,,,,,,
- Start with 1 therapist per 250-300 members (generous initial access),,,,,,,,,,,,,,,,,,,,,,,,,,,,,,,,,,,,
- Track utilization rates monthly,,,,,,,,,,,,,,,,,,,,,,,,,,,,,,,,,,,,
- If utilization >50% and wait times >1 week add capacity,,,,,,,,,,,,,,,,,,,,,,,,,,,,,,,,,,,,
- If utilization <30% maintain current staffing and improve engagement,,,,,,,,,,,,,,,,,,,,,,,,,,,,,,,,,,,,
- Target: <7 day wait time for first therapy appointment,,,,,,,,,,,,,,,,,,,,,,,,,,,,,,,,,,,,
- Consider group therapy and digital mental health tools to extend capacity,,,,,,,,,,,,,,,,,,,,,,,,,,,,,,,,,,,,
,,,,,,,,,,,,,,,,,,,,,,,,,,,,,,,,,,,,
CONCLUSION: This revised model demonstrates that Keepwell Health Union is economically viable with significantly improved margins and faster path to sustainability while still providing dramatically better mental health access than traditional insurance.